--Regiones
insert into regiones (id, nombre) values (1, 'High Prairie');
insert into regiones (id, nombre) values (2, 'Gēdo');
insert into regiones (id, nombre) values (3, 'Tawun');
insert into regiones (id, nombre) values (4, 'Samajie Ewenkeminzu');
insert into regiones (id, nombre) values (5, 'Chengfeng');
insert into regiones (id, nombre) values (6, 'Włosienica');
insert into regiones (id, nombre) values (7, 'Kirovsk');
insert into regiones (id, nombre) values (8, 'Bicas');
insert into regiones (id, nombre) values (9, 'Senj');
insert into regiones (id, nombre) values (10, 'Libourne');


--Consideraciones Médicas
insert into consideraciones_medicas (id, nombre, descripcion) values (1, 'ccotesford0', 'HDR Brachytherapy of Thymus using Cesium 137');
insert into consideraciones_medicas (id, nombre, descripcion) values (2, 'cknowlys1', 'Drainage of Lower Jaw, Open Approach');
insert into consideraciones_medicas (id, nombre, descripcion) values (3, 'rhymer2', 'Insertion of Defib Lead into Pericardium, Open Approach');
insert into consideraciones_medicas (id, nombre, descripcion) values (4, 'gweetch3', 'Dilate R Subclav Art w 4+ Intralum Dev, Perc Endo');
insert into consideraciones_medicas (id, nombre, descripcion) values (5, 'bcreevy4', 'Bypass R Com Iliac Art to L Femor A w Autol Vn, Open');
insert into consideraciones_medicas (id, nombre, descripcion) values (6, 'matwill5', 'Release Lower Esophagus, Percutaneous Endoscopic Approach');
insert into consideraciones_medicas (id, nombre, descripcion) values (7, 'cmarryatt6', 'Fluoroscopy of Gallbl, Bile, Pancr Duct using H Osm Contrast');
insert into consideraciones_medicas (id, nombre, descripcion) values (8, 'qmckintosh7', 'Acoustic Reflex Decay Assessment using Tympanometer');
insert into consideraciones_medicas (id, nombre, descripcion) values (9, 'cgussie8', 'Fragmentation in Transverse Colon, Endo');
insert into consideraciones_medicas (id, nombre, descripcion) values (10, 'eknewstub9', 'Excision of Inferior Vena Cava, Open Approach, Diagnostic');
insert into consideraciones_medicas (id, nombre, descripcion) values (11, 'ahentzera', 'Monitoring of Temperature, Via Natural or Artificial Opening');
insert into consideraciones_medicas (id, nombre, descripcion) values (12, 'hfetterb', 'Destruction of Left Upper Lobe Bronchus, Via Opening');
insert into consideraciones_medicas (id, nombre, descripcion) values (13, 'mmatuszewskic', 'Drainage of Lingula Bronchus with Drainage Device, Endo');
insert into consideraciones_medicas (id, nombre, descripcion) values (14, 'vblazhevichd', 'Extirpation of Matter from Mediastinum, External Approach');
insert into consideraciones_medicas (id, nombre, descripcion) values (15, 'hvisee', 'Division of Left Temporal Bone, Perc Endo Approach');


--Proveedores
insert into proveedores (id, nombre) values (1, 'Kunde, Auer and Friesen');
insert into proveedores (id, nombre) values (2, 'Howell Group');
insert into proveedores (id, nombre) values (3, 'Larson and Sons');
insert into proveedores (id, nombre) values (4, 'Toy, Raynor and Terry');


--Comunas
insert into comunas (id, nombre, id_region) values (1, 'Way', 1);
insert into comunas (id, nombre, id_region) values (2, 'Park', 2);
insert into comunas (id, nombre, id_region) values (3, 'Hill', 3);
insert into comunas (id, nombre, id_region) values (4, 'Plaza', 4);
insert into comunas (id, nombre, id_region) values (5, 'Terrace', 5);
insert into comunas (id, nombre, id_region) values (6, 'Court', 6);
insert into comunas (id, nombre, id_region) values (7, 'Terrace', 7);
insert into comunas (id, nombre, id_region) values (8, 'Circle', 8);
insert into comunas (id, nombre, id_region) values (9, 'Terrace', 9);
insert into comunas (id, nombre, id_region) values (10, 'Point', 10);


--Usuarios

insert into usuarios (id, nombre, correo, fecha_nacimiento, id_comuna) values (1, 'Goldina Probin', 'gprobin0@si.edu', '2020-03-04', 5);
insert into usuarios (id, nombre, correo, fecha_nacimiento, id_comuna) values (2, 'Waneta Filppetti', 'wfilppetti1@reuters.com', '2003-12-17', 6);
insert into usuarios (id, nombre, correo, fecha_nacimiento, id_comuna) values (3, 'Emilie MacCheyne', 'emaccheyne2@yelp.com', '1979-01-06', 6);
insert into usuarios (id, nombre, correo, fecha_nacimiento, id_comuna) values (4, 'Juliette Cerman', 'jcerman3@wisc.edu', '2015-02-01', 4);
insert into usuarios (id, nombre, correo, fecha_nacimiento, id_comuna) values (5, 'Land Kenelin', 'lkenelin4@dmoz.org', '1924-02-23', 7);
insert into usuarios (id, nombre, correo, fecha_nacimiento, id_comuna) values (6, 'Kent Moukes', 'kmoukes5@walmart.com', '1978-07-21', 8);
insert into usuarios (id, nombre, correo, fecha_nacimiento, id_comuna) values (7, 'Padraig Saiens', 'psaiens6@mtv.com', '1991-12-30', 3);
insert into usuarios (id, nombre, correo, fecha_nacimiento, id_comuna) values (8, 'Fredia Brauner', 'fbrauner7@deliciousdays.com', '1980-02-10', 9);
insert into usuarios (id, nombre, correo, fecha_nacimiento, id_comuna) values (9, 'Anthiathia Gronowe', 'agronowe8@paginegialle.it', '1989-05-20', 8);
insert into usuarios (id, nombre, correo, fecha_nacimiento, id_comuna) values (10, 'Wilhelm Boutellier', 'wboutellier9@indiatimes.com', '2003-12-26', 2);
insert into usuarios (id, nombre, correo, fecha_nacimiento, id_comuna) values (11, 'Giselle Rebillard', 'grebillarda@thetimes.co.uk', '1922-09-12', 2);
insert into usuarios (id, nombre, correo, fecha_nacimiento, id_comuna) values (12, 'Horatia Doidge', 'hdoidgeb@domainmarket.com', '2001-02-14', 7);
insert into usuarios (id, nombre, correo, fecha_nacimiento, id_comuna) values (13, 'Essie Baseley', 'ebaseleyc@canalblog.com', '1964-06-23', 6);
insert into usuarios (id, nombre, correo, fecha_nacimiento, id_comuna) values (14, 'Myrvyn Dan', 'mdand@google.ca', '2001-05-21', 4);
insert into usuarios (id, nombre, correo, fecha_nacimiento, id_comuna) values (15, 'Yuma Barbe', 'ybarbee@dyndns.org', '2006-11-20', 10);
insert into usuarios (id, nombre, correo, fecha_nacimiento, id_comuna) values (16, 'Lucina Fesby', 'lfesbyf@wired.com', '1950-07-25', 3);
insert into usuarios (id, nombre, correo, fecha_nacimiento, id_comuna) values (17, 'Alaster Bezemer', 'abezemerg@businesswire.com', '1936-07-07', 6);
insert into usuarios (id, nombre, correo, fecha_nacimiento, id_comuna) values (18, 'Marv Ridoutt', 'mridoutth@bing.com', '1940-06-15', 1);
insert into usuarios (id, nombre, correo, fecha_nacimiento, id_comuna) values (19, 'Heinrik Whapples', 'hwhapplesi@timesonline.co.uk', '2007-02-23', 9);
insert into usuarios (id, nombre, correo, fecha_nacimiento, id_comuna) values (20, 'Rodolph Freemantle', 'rfreemantlej@netvibes.com', '1956-04-28', 6);
insert into usuarios (id, nombre, correo, fecha_nacimiento, id_comuna) values (21, 'Harli Leghorn', 'hleghornk@wiley.com', '2018-07-12', 1);
insert into usuarios (id, nombre, correo, fecha_nacimiento, id_comuna) values (22, 'Lin Drewet', 'ldrewetl@ihg.com', '1942-01-26', 6);
insert into usuarios (id, nombre, correo, fecha_nacimiento, id_comuna) values (23, 'Ty Jeanneau', 'tjeanneaum@reddit.com', '1994-11-06', 2);
insert into usuarios (id, nombre, correo, fecha_nacimiento, id_comuna) values (24, 'Cindy Skydall', 'cskydalln@chron.com', '1980-10-18', 1);
insert into usuarios (id, nombre, correo, fecha_nacimiento, id_comuna) values (25, 'Abbey Fortune', 'afortuneo@topsy.com', '1967-07-10', 8);
insert into usuarios (id, nombre, correo, fecha_nacimiento, id_comuna) values (26, 'Christal Fautley', 'cfautleyp@mlb.com', '1972-04-19', 6);
insert into usuarios (id, nombre, correo, fecha_nacimiento, id_comuna) values (27, 'Ephrem Gillard', 'egillardq@huffingtonpost.com', '1964-04-14', 10);
insert into usuarios (id, nombre, correo, fecha_nacimiento, id_comuna) values (28, 'Petrina Lacaze', 'placazer@foxnews.com', '1922-12-04', 5);
insert into usuarios (id, nombre, correo, fecha_nacimiento, id_comuna) values (29, 'Nilson Riccelli', 'nriccellis@fastcompany.com', '1919-02-03', 4);
insert into usuarios (id, nombre, correo, fecha_nacimiento, id_comuna) values (30, 'Orazio Ohrtmann', 'oohrtmannt@google.fr', '2004-02-10', 6);

--Historial busqueda
insert into historial_busquedas (id, consulta, frecuencia, id_usuario) values (1, 'Vestibulum ac est lacinia nisi venenatis tristique. Fusce congue, diam id ornare imperdiet, sapien urna pretium nisl, ut volutpat sapien arcu sed augue. Aliquam erat volutpat. In congue. Etiam justo. Etiam pretium iaculis justo.', 65, 26);
insert into historial_busquedas (id, consulta, frecuencia, id_usuario) values (2, 'Cras pellentesque volutpat dui. Maecenas tristique, est et tempus semper, est quam pharetra magna, ac consequat metus sapien ut nunc. Vestibulum ante ipsum primis in faucibus orci luctus et ultrices posuere cubilia Curae; Mauris viverra diam vitae quam. Suspendisse potenti. Nullam porttitor lacus at turpis.', 65, 4);
insert into historial_busquedas (id, consulta, frecuencia, id_usuario) values (3, 'Etiam pretium iaculis justo. In hac habitasse platea dictumst. Etiam faucibus cursus urna. Ut tellus. Nulla ut erat id mauris vulputate elementum.', 39, 7);
insert into historial_busquedas (id, consulta, frecuencia, id_usuario) values (4, 'Phasellus id sapien in sapien iaculis congue. Vivamus metus arcu, adipiscing molestie, hendrerit at, vulputate vitae, nisl.', 59, 11);
insert into historial_busquedas (id, consulta, frecuencia, id_usuario) values (5, 'In tempor, turpis nec euismod scelerisque, quam turpis adipiscing lorem, vitae mattis nibh ligula nec sem. Duis aliquam convallis nunc. Proin at turpis a pede posuere nonummy. Integer non velit.', 20, 25);
insert into historial_busquedas (id, consulta, frecuencia, id_usuario) values (6, 'Nam nulla.', 62, 5);
insert into historial_busquedas (id, consulta, frecuencia, id_usuario) values (7, 'Vestibulum ante ipsum primis in faucibus orci luctus et ultrices posuere cubilia Curae; Donec pharetra, magna vestibulum aliquet ultrices, erat tortor sollicitudin mi, sit amet lobortis sapien sapien non mi. Integer ac neque. Duis bibendum.', 89, 17);
insert into historial_busquedas (id, consulta, frecuencia, id_usuario) values (8, 'Pellentesque eget nunc. Donec quis orci eget orci vehicula condimentum. Curabitur in libero ut massa volutpat convallis.', 36, 3);
insert into historial_busquedas (id, consulta, frecuencia, id_usuario) values (9, 'Morbi ut odio. Cras mi pede, malesuada in, imperdiet et, commodo vulputate, justo. In blandit ultrices enim. Lorem ipsum dolor sit amet, consectetuer adipiscing elit.', 74, 15);
insert into historial_busquedas (id, consulta, frecuencia, id_usuario) values (10, 'Suspendisse potenti. Cras in purus eu magna vulputate luctus. Cum sociis natoque penatibus et magnis dis parturient montes, nascetur ridiculus mus. Vivamus vestibulum sagittis sapien. Cum sociis natoque penatibus et magnis dis parturient montes, nascetur ridiculus mus. Etiam vel augue.', 9, 20);
insert into historial_busquedas (id, consulta, frecuencia, id_usuario) values (11, 'Nulla facilisi. Cras non velit nec nisi vulputate nonummy. Maecenas tincidunt lacus at velit. Vivamus vel nulla eget eros elementum pellentesque. Quisque porta volutpat erat. Quisque erat eros, viverra eget, congue eget, semper rutrum, nulla. Nunc purus.', 78, 14);
insert into historial_busquedas (id, consulta, frecuencia, id_usuario) values (12, 'Curabitur gravida nisi at nibh. In hac habitasse platea dictumst. Aliquam augue quam, sollicitudin vitae, consectetuer eget, rutrum at, lorem. Integer tincidunt ante vel ipsum. Praesent blandit lacinia erat. Vestibulum sed magna at nunc commodo placerat.', 94, 8);
insert into historial_busquedas (id, consulta, frecuencia, id_usuario) values (13, 'Cras mi pede, malesuada in, imperdiet et, commodo vulputate, justo. In blandit ultrices enim. Lorem ipsum dolor sit amet, consectetuer adipiscing elit. Proin interdum mauris non ligula pellentesque ultrices.', 34, 12);
insert into historial_busquedas (id, consulta, frecuencia, id_usuario) values (14, 'Morbi sem mauris, laoreet ut, rhoncus aliquet, pulvinar sed, nisl. Nunc rhoncus dui vel sem. Sed sagittis. Nam congue, risus semper porta volutpat, quam pede lobortis ligula, sit amet eleifend pede libero quis orci. Nullam molestie nibh in lectus.', 47, 21);
insert into historial_busquedas (id, consulta, frecuencia, id_usuario) values (15, 'Maecenas pulvinar lobortis est. Phasellus sit amet erat.', 48, 13);
insert into historial_busquedas (id, consulta, frecuencia, id_usuario) values (16, 'Integer tincidunt ante vel ipsum. Praesent blandit lacinia erat. Vestibulum sed magna at nunc commodo placerat. Praesent blandit.', 82, 22);
insert into historial_busquedas (id, consulta, frecuencia, id_usuario) values (17, 'Lorem ipsum dolor sit amet, consectetuer adipiscing elit. Proin risus.', 95, 7);
insert into historial_busquedas (id, consulta, frecuencia, id_usuario) values (18, 'Vestibulum ante ipsum primis in faucibus orci luctus et ultrices posuere cubilia Curae; Mauris viverra diam vitae quam. Suspendisse potenti. Nullam porttitor lacus at turpis. Donec posuere metus vitae ipsum. Aliquam non mauris. Morbi non lectus. Aliquam sit amet diam in magna bibendum imperdiet. Nullam orci pede, venenatis non, sodales sed, tincidunt eu, felis. Fusce posuere felis sed lacus.', 48, 30);
insert into historial_busquedas (id, consulta, frecuencia, id_usuario) values (19, 'Proin risus.', 100, 16);
insert into historial_busquedas (id, consulta, frecuencia, id_usuario) values (20, 'Aliquam non mauris. Morbi non lectus. Aliquam sit amet diam in magna bibendum imperdiet.', 84, 26);
insert into historial_busquedas (id, consulta, frecuencia, id_usuario) values (21, 'Fusce posuere felis sed lacus. Morbi sem mauris, laoreet ut, rhoncus aliquet, pulvinar sed, nisl. Nunc rhoncus dui vel sem. Sed sagittis. Nam congue, risus semper porta volutpat, quam pede lobortis ligula, sit amet eleifend pede libero quis orci. Nullam molestie nibh in lectus. Pellentesque at nulla. Suspendisse potenti. Cras in purus eu magna vulputate luctus. Cum sociis natoque penatibus et magnis dis parturient montes, nascetur ridiculus mus.', 5, 17);
insert into historial_busquedas (id, consulta, frecuencia, id_usuario) values (22, 'Maecenas pulvinar lobortis est. Phasellus sit amet erat. Nulla tempus. Vivamus in felis eu sapien cursus vestibulum. Proin eu mi. Nulla ac enim. In tempor, turpis nec euismod scelerisque, quam turpis adipiscing lorem, vitae mattis nibh ligula nec sem. Duis aliquam convallis nunc. Proin at turpis a pede posuere nonummy.', 77, 24);
insert into historial_busquedas (id, consulta, frecuencia, id_usuario) values (23, 'In sagittis dui vel nisl. Duis ac nibh. Fusce lacus purus, aliquet at, feugiat non, pretium quis, lectus. Suspendisse potenti. In eleifend quam a odio.', 66, 9);
insert into historial_busquedas (id, consulta, frecuencia, id_usuario) values (24, 'Pellentesque at nulla. Suspendisse potenti. Cras in purus eu magna vulputate luctus. Cum sociis natoque penatibus et magnis dis parturient montes, nascetur ridiculus mus. Vivamus vestibulum sagittis sapien. Cum sociis natoque penatibus et magnis dis parturient montes, nascetur ridiculus mus.', 88, 16);
insert into historial_busquedas (id, consulta, frecuencia, id_usuario) values (25, 'Nulla justo. Aliquam quis turpis eget elit sodales scelerisque. Mauris sit amet eros. Suspendisse accumsan tortor quis turpis. Sed ante. Vivamus tortor. Duis mattis egestas metus. Aenean fermentum. Donec ut mauris eget massa tempor convallis.', 15, 13);
insert into historial_busquedas (id, consulta, frecuencia, id_usuario) values (26, 'Nullam molestie nibh in lectus. Pellentesque at nulla. Suspendisse potenti. Cras in purus eu magna vulputate luctus. Cum sociis natoque penatibus et magnis dis parturient montes, nascetur ridiculus mus. Vivamus vestibulum sagittis sapien. Cum sociis natoque penatibus et magnis dis parturient montes, nascetur ridiculus mus. Etiam vel augue. Vestibulum rutrum rutrum neque.', 27, 30);
insert into historial_busquedas (id, consulta, frecuencia, id_usuario) values (27, 'Duis consequat dui nec nisi volutpat eleifend. Donec ut dolor.', 6, 15);
insert into historial_busquedas (id, consulta, frecuencia, id_usuario) values (28, 'Fusce consequat. Nulla nisl. Nunc nisl. Duis bibendum, felis sed interdum venenatis, turpis enim blandit mi, in porttitor pede justo eu massa. Donec dapibus. Duis at velit eu est congue elementum. In hac habitasse platea dictumst. Morbi vestibulum, velit id pretium iaculis, diam erat fermentum justo, nec condimentum neque sapien placerat ante.', 67, 24);
insert into historial_busquedas (id, consulta, frecuencia, id_usuario) values (29, 'Pellentesque viverra pede ac diam. Cras pellentesque volutpat dui. Maecenas tristique, est et tempus semper, est quam pharetra magna, ac consequat metus sapien ut nunc. Vestibulum ante ipsum primis in faucibus orci luctus et ultrices posuere cubilia Curae; Mauris viverra diam vitae quam. Suspendisse potenti. Nullam porttitor lacus at turpis. Donec posuere metus vitae ipsum.', 59, 11);
insert into historial_busquedas (id, consulta, frecuencia, id_usuario) values (30, 'Duis ac nibh. Fusce lacus purus, aliquet at, feugiat non, pretium quis, lectus. Suspendisse potenti. In eleifend quam a odio. In hac habitasse platea dictumst.', 15, 7);
insert into historial_busquedas (id, consulta, frecuencia, id_usuario) values (31, 'Cras mi pede, malesuada in, imperdiet et, commodo vulputate, justo.', 31, 5);
insert into historial_busquedas (id, consulta, frecuencia, id_usuario) values (32, 'Duis bibendum, felis sed interdum venenatis, turpis enim blandit mi, in porttitor pede justo eu massa. Donec dapibus. Duis at velit eu est congue elementum. In hac habitasse platea dictumst. Morbi vestibulum, velit id pretium iaculis, diam erat fermentum justo, nec condimentum neque sapien placerat ante.', 25, 11);
insert into historial_busquedas (id, consulta, frecuencia, id_usuario) values (33, 'Duis bibendum, felis sed interdum venenatis, turpis enim blandit mi, in porttitor pede justo eu massa.', 40, 28);
insert into historial_busquedas (id, consulta, frecuencia, id_usuario) values (34, 'Quisque ut erat. Curabitur gravida nisi at nibh. In hac habitasse platea dictumst. Aliquam augue quam, sollicitudin vitae, consectetuer eget, rutrum at, lorem. Integer tincidunt ante vel ipsum. Praesent blandit lacinia erat. Vestibulum sed magna at nunc commodo placerat.', 71, 23);
insert into historial_busquedas (id, consulta, frecuencia, id_usuario) values (35, 'Pellentesque eget nunc. Donec quis orci eget orci vehicula condimentum. Curabitur in libero ut massa volutpat convallis.', 64, 23);
insert into historial_busquedas (id, consulta, frecuencia, id_usuario) values (36, 'Quisque erat eros, viverra eget, congue eget, semper rutrum, nulla. Nunc purus. Phasellus in felis. Donec semper sapien a libero. Nam dui.', 2, 29);
insert into historial_busquedas (id, consulta, frecuencia, id_usuario) values (37, 'Nullam sit amet turpis elementum ligula vehicula consequat. Morbi a ipsum. Integer a nibh. In quis justo. Maecenas rhoncus aliquam lacus. Morbi quis tortor id nulla ultrices aliquet. Maecenas leo odio, condimentum id, luctus nec, molestie sed, justo.', 34, 2);
insert into historial_busquedas (id, consulta, frecuencia, id_usuario) values (38, 'In tempor, turpis nec euismod scelerisque, quam turpis adipiscing lorem, vitae mattis nibh ligula nec sem. Duis aliquam convallis nunc.', 1, 25);
insert into historial_busquedas (id, consulta, frecuencia, id_usuario) values (39, 'Vestibulum ante ipsum primis in faucibus orci luctus et ultrices posuere cubilia Curae; Duis faucibus accumsan odio. Curabitur convallis. Duis consequat dui nec nisi volutpat eleifend. Donec ut dolor. Morbi vel lectus in quam fringilla rhoncus. Mauris enim leo, rhoncus sed, vestibulum sit amet, cursus id, turpis. Integer aliquet, massa id lobortis convallis, tortor risus dapibus augue, vel accumsan tellus nisi eu orci. Mauris lacinia sapien quis libero. Nullam sit amet turpis elementum ligula vehicula consequat. Morbi a ipsum.', 1, 15);
insert into historial_busquedas (id, consulta, frecuencia, id_usuario) values (40, 'Integer a nibh. In quis justo. Maecenas rhoncus aliquam lacus. Morbi quis tortor id nulla ultrices aliquet. Maecenas leo odio, condimentum id, luctus nec, molestie sed, justo. Pellentesque viverra pede ac diam. Cras pellentesque volutpat dui. Maecenas tristique, est et tempus semper, est quam pharetra magna, ac consequat metus sapien ut nunc.', 8, 6);
insert into historial_busquedas (id, consulta, frecuencia, id_usuario) values (41, 'Vestibulum sed magna at nunc commodo placerat. Praesent blandit. Nam nulla. Integer pede justo, lacinia eget, tincidunt eget, tempus vel, pede. Morbi porttitor lorem id ligula. Suspendisse ornare consequat lectus. In est risus, auctor sed, tristique in, tempus sit amet, sem. Fusce consequat. Nulla nisl.', 70, 21);
insert into historial_busquedas (id, consulta, frecuencia, id_usuario) values (42, 'Cum sociis natoque penatibus et magnis dis parturient montes, nascetur ridiculus mus. Etiam vel augue. Vestibulum rutrum rutrum neque. Aenean auctor gravida sem.', 88, 10);
insert into historial_busquedas (id, consulta, frecuencia, id_usuario) values (43, 'Nullam orci pede, venenatis non, sodales sed, tincidunt eu, felis. Fusce posuere felis sed lacus. Morbi sem mauris, laoreet ut, rhoncus aliquet, pulvinar sed, nisl. Nunc rhoncus dui vel sem. Sed sagittis. Nam congue, risus semper porta volutpat, quam pede lobortis ligula, sit amet eleifend pede libero quis orci.', 9, 5);
insert into historial_busquedas (id, consulta, frecuencia, id_usuario) values (44, 'Nam nulla. Integer pede justo, lacinia eget, tincidunt eget, tempus vel, pede. Morbi porttitor lorem id ligula. Suspendisse ornare consequat lectus. In est risus, auctor sed, tristique in, tempus sit amet, sem. Fusce consequat.', 78, 25);
insert into historial_busquedas (id, consulta, frecuencia, id_usuario) values (45, 'Donec diam neque, vestibulum eget, vulputate ut, ultrices vel, augue.', 23, 8);
insert into historial_busquedas (id, consulta, frecuencia, id_usuario) values (46, 'In eleifend quam a odio. In hac habitasse platea dictumst. Maecenas ut massa quis augue luctus tincidunt. Nulla mollis molestie lorem. Quisque ut erat. Curabitur gravida nisi at nibh. In hac habitasse platea dictumst.', 39, 7);
insert into historial_busquedas (id, consulta, frecuencia, id_usuario) values (47, 'Maecenas rhoncus aliquam lacus. Morbi quis tortor id nulla ultrices aliquet.', 10, 12);
insert into historial_busquedas (id, consulta, frecuencia, id_usuario) values (48, 'Pellentesque viverra pede ac diam. Cras pellentesque volutpat dui. Maecenas tristique, est et tempus semper, est quam pharetra magna, ac consequat metus sapien ut nunc. Vestibulum ante ipsum primis in faucibus orci luctus et ultrices posuere cubilia Curae; Mauris viverra diam vitae quam. Suspendisse potenti.', 4, 13);
insert into historial_busquedas (id, consulta, frecuencia, id_usuario) values (49, 'Suspendisse potenti.', 77, 25);
insert into historial_busquedas (id, consulta, frecuencia, id_usuario) values (50, 'Fusce congue, diam id ornare imperdiet, sapien urna pretium nisl, ut volutpat sapien arcu sed augue. Aliquam erat volutpat. In congue. Etiam justo. Etiam pretium iaculis justo. In hac habitasse platea dictumst. Etiam faucibus cursus urna. Ut tellus. Nulla ut erat id mauris vulputate elementum.', 24, 19);
insert into historial_busquedas (id, consulta, frecuencia, id_usuario) values (51, 'Aliquam erat volutpat. In congue. Etiam justo. Etiam pretium iaculis justo. In hac habitasse platea dictumst. Etiam faucibus cursus urna. Ut tellus. Nulla ut erat id mauris vulputate elementum. Nullam varius.', 58, 14);
insert into historial_busquedas (id, consulta, frecuencia, id_usuario) values (52, 'Nullam porttitor lacus at turpis. Donec posuere metus vitae ipsum. Aliquam non mauris. Morbi non lectus. Aliquam sit amet diam in magna bibendum imperdiet. Nullam orci pede, venenatis non, sodales sed, tincidunt eu, felis. Fusce posuere felis sed lacus. Morbi sem mauris, laoreet ut, rhoncus aliquet, pulvinar sed, nisl. Nunc rhoncus dui vel sem. Sed sagittis.', 21, 18);
insert into historial_busquedas (id, consulta, frecuencia, id_usuario) values (53, 'Morbi vestibulum, velit id pretium iaculis, diam erat fermentum justo, nec condimentum neque sapien placerat ante. Nulla justo. Aliquam quis turpis eget elit sodales scelerisque. Mauris sit amet eros. Suspendisse accumsan tortor quis turpis. Sed ante. Vivamus tortor. Duis mattis egestas metus. Aenean fermentum.', 96, 2);
insert into historial_busquedas (id, consulta, frecuencia, id_usuario) values (54, 'Nulla tempus. Vivamus in felis eu sapien cursus vestibulum. Proin eu mi.', 38, 25);
insert into historial_busquedas (id, consulta, frecuencia, id_usuario) values (55, 'Aenean auctor gravida sem. Praesent id massa id nisl venenatis lacinia. Aenean sit amet justo.', 75, 29);
insert into historial_busquedas (id, consulta, frecuencia, id_usuario) values (56, 'Morbi sem mauris, laoreet ut, rhoncus aliquet, pulvinar sed, nisl. Nunc rhoncus dui vel sem. Sed sagittis. Nam congue, risus semper porta volutpat, quam pede lobortis ligula, sit amet eleifend pede libero quis orci. Nullam molestie nibh in lectus. Pellentesque at nulla. Suspendisse potenti. Cras in purus eu magna vulputate luctus. Cum sociis natoque penatibus et magnis dis parturient montes, nascetur ridiculus mus. Vivamus vestibulum sagittis sapien.', 61, 16);
insert into historial_busquedas (id, consulta, frecuencia, id_usuario) values (57, 'Morbi vel lectus in quam fringilla rhoncus. Mauris enim leo, rhoncus sed, vestibulum sit amet, cursus id, turpis.', 94, 1);
insert into historial_busquedas (id, consulta, frecuencia, id_usuario) values (58, 'Nam dui. Proin leo odio, porttitor id, consequat in, consequat ut, nulla. Sed accumsan felis. Ut at dolor quis odio consequat varius. Integer ac leo.', 39, 8);
insert into historial_busquedas (id, consulta, frecuencia, id_usuario) values (59, 'In quis justo. Maecenas rhoncus aliquam lacus. Morbi quis tortor id nulla ultrices aliquet. Maecenas leo odio, condimentum id, luctus nec, molestie sed, justo. Pellentesque viverra pede ac diam.', 69, 25);
insert into historial_busquedas (id, consulta, frecuencia, id_usuario) values (60, 'Nulla facilisi. Cras non velit nec nisi vulputate nonummy. Maecenas tincidunt lacus at velit.', 8, 17);
insert into historial_busquedas (id, consulta, frecuencia, id_usuario) values (61, 'Integer tincidunt ante vel ipsum. Praesent blandit lacinia erat. Vestibulum sed magna at nunc commodo placerat. Praesent blandit.', 100, 6);
insert into historial_busquedas (id, consulta, frecuencia, id_usuario) values (62, 'Phasellus sit amet erat. Nulla tempus. Vivamus in felis eu sapien cursus vestibulum. Proin eu mi. Nulla ac enim. In tempor, turpis nec euismod scelerisque, quam turpis adipiscing lorem, vitae mattis nibh ligula nec sem. Duis aliquam convallis nunc. Proin at turpis a pede posuere nonummy. Integer non velit. Donec diam neque, vestibulum eget, vulputate ut, ultrices vel, augue.', 53, 30);
insert into historial_busquedas (id, consulta, frecuencia, id_usuario) values (63, 'Vivamus tortor. Duis mattis egestas metus. Aenean fermentum. Donec ut mauris eget massa tempor convallis. Nulla neque libero, convallis eget, eleifend luctus, ultricies eu, nibh. Quisque id justo sit amet sapien dignissim vestibulum.', 12, 23);
insert into historial_busquedas (id, consulta, frecuencia, id_usuario) values (64, 'Mauris sit amet eros. Suspendisse accumsan tortor quis turpis. Sed ante.', 70, 2);
insert into historial_busquedas (id, consulta, frecuencia, id_usuario) values (65, 'Fusce posuere felis sed lacus. Morbi sem mauris, laoreet ut, rhoncus aliquet, pulvinar sed, nisl. Nunc rhoncus dui vel sem.', 21, 16);
insert into historial_busquedas (id, consulta, frecuencia, id_usuario) values (66, 'Lorem ipsum dolor sit amet, consectetuer adipiscing elit. Proin risus. Praesent lectus. Vestibulum quam sapien, varius ut, blandit non, interdum in, ante. Vestibulum ante ipsum primis in faucibus orci luctus et ultrices posuere cubilia Curae; Duis faucibus accumsan odio. Curabitur convallis.', 87, 7);
insert into historial_busquedas (id, consulta, frecuencia, id_usuario) values (67, 'Maecenas tristique, est et tempus semper, est quam pharetra magna, ac consequat metus sapien ut nunc. Vestibulum ante ipsum primis in faucibus orci luctus et ultrices posuere cubilia Curae; Mauris viverra diam vitae quam. Suspendisse potenti. Nullam porttitor lacus at turpis. Donec posuere metus vitae ipsum. Aliquam non mauris. Morbi non lectus. Aliquam sit amet diam in magna bibendum imperdiet. Nullam orci pede, venenatis non, sodales sed, tincidunt eu, felis. Fusce posuere felis sed lacus.', 65, 4);
insert into historial_busquedas (id, consulta, frecuencia, id_usuario) values (68, 'Mauris enim leo, rhoncus sed, vestibulum sit amet, cursus id, turpis. Integer aliquet, massa id lobortis convallis, tortor risus dapibus augue, vel accumsan tellus nisi eu orci. Mauris lacinia sapien quis libero. Nullam sit amet turpis elementum ligula vehicula consequat. Morbi a ipsum. Integer a nibh. In quis justo. Maecenas rhoncus aliquam lacus. Morbi quis tortor id nulla ultrices aliquet.', 16, 28);
insert into historial_busquedas (id, consulta, frecuencia, id_usuario) values (69, 'Cras non velit nec nisi vulputate nonummy. Maecenas tincidunt lacus at velit. Vivamus vel nulla eget eros elementum pellentesque. Quisque porta volutpat erat. Quisque erat eros, viverra eget, congue eget, semper rutrum, nulla. Nunc purus.', 79, 1);
insert into historial_busquedas (id, consulta, frecuencia, id_usuario) values (70, 'Lorem ipsum dolor sit amet, consectetuer adipiscing elit. Proin interdum mauris non ligula pellentesque ultrices. Phasellus id sapien in sapien iaculis congue.', 81, 13);
insert into historial_busquedas (id, consulta, frecuencia, id_usuario) values (71, 'Nullam sit amet turpis elementum ligula vehicula consequat. Morbi a ipsum. Integer a nibh. In quis justo. Maecenas rhoncus aliquam lacus. Morbi quis tortor id nulla ultrices aliquet. Maecenas leo odio, condimentum id, luctus nec, molestie sed, justo. Pellentesque viverra pede ac diam. Cras pellentesque volutpat dui.', 38, 21);
insert into historial_busquedas (id, consulta, frecuencia, id_usuario) values (72, 'Donec ut mauris eget massa tempor convallis. Nulla neque libero, convallis eget, eleifend luctus, ultricies eu, nibh. Quisque id justo sit amet sapien dignissim vestibulum. Vestibulum ante ipsum primis in faucibus orci luctus et ultrices posuere cubilia Curae; Nulla dapibus dolor vel est. Donec odio justo, sollicitudin ut, suscipit a, feugiat et, eros. Vestibulum ac est lacinia nisi venenatis tristique. Fusce congue, diam id ornare imperdiet, sapien urna pretium nisl, ut volutpat sapien arcu sed augue.', 81, 8);
insert into historial_busquedas (id, consulta, frecuencia, id_usuario) values (73, 'Aliquam sit amet diam in magna bibendum imperdiet. Nullam orci pede, venenatis non, sodales sed, tincidunt eu, felis. Fusce posuere felis sed lacus. Morbi sem mauris, laoreet ut, rhoncus aliquet, pulvinar sed, nisl. Nunc rhoncus dui vel sem. Sed sagittis.', 53, 25);
insert into historial_busquedas (id, consulta, frecuencia, id_usuario) values (74, 'Proin at turpis a pede posuere nonummy. Integer non velit. Donec diam neque, vestibulum eget, vulputate ut, ultrices vel, augue. Vestibulum ante ipsum primis in faucibus orci luctus et ultrices posuere cubilia Curae; Donec pharetra, magna vestibulum aliquet ultrices, erat tortor sollicitudin mi, sit amet lobortis sapien sapien non mi. Integer ac neque.', 86, 22);
insert into historial_busquedas (id, consulta, frecuencia, id_usuario) values (75, 'Donec quis orci eget orci vehicula condimentum. Curabitur in libero ut massa volutpat convallis. Morbi odio odio, elementum eu, interdum eu, tincidunt in, leo. Maecenas pulvinar lobortis est. Phasellus sit amet erat. Nulla tempus. Vivamus in felis eu sapien cursus vestibulum. Proin eu mi. Nulla ac enim. In tempor, turpis nec euismod scelerisque, quam turpis adipiscing lorem, vitae mattis nibh ligula nec sem.', 57, 27);
insert into historial_busquedas (id, consulta, frecuencia, id_usuario) values (76, 'Vestibulum sed magna at nunc commodo placerat. Praesent blandit. Nam nulla. Integer pede justo, lacinia eget, tincidunt eget, tempus vel, pede.', 46, 4);
insert into historial_busquedas (id, consulta, frecuencia, id_usuario) values (77, 'Aenean auctor gravida sem.', 24, 1);
insert into historial_busquedas (id, consulta, frecuencia, id_usuario) values (78, 'Curabitur gravida nisi at nibh. In hac habitasse platea dictumst. Aliquam augue quam, sollicitudin vitae, consectetuer eget, rutrum at, lorem. Integer tincidunt ante vel ipsum. Praesent blandit lacinia erat. Vestibulum sed magna at nunc commodo placerat. Praesent blandit. Nam nulla. Integer pede justo, lacinia eget, tincidunt eget, tempus vel, pede.', 22, 8);
insert into historial_busquedas (id, consulta, frecuencia, id_usuario) values (79, 'Aenean lectus. Pellentesque eget nunc. Donec quis orci eget orci vehicula condimentum. Curabitur in libero ut massa volutpat convallis. Morbi odio odio, elementum eu, interdum eu, tincidunt in, leo. Maecenas pulvinar lobortis est. Phasellus sit amet erat. Nulla tempus.', 73, 24);
insert into historial_busquedas (id, consulta, frecuencia, id_usuario) values (80, 'Fusce consequat. Nulla nisl. Nunc nisl. Duis bibendum, felis sed interdum venenatis, turpis enim blandit mi, in porttitor pede justo eu massa. Donec dapibus. Duis at velit eu est congue elementum. In hac habitasse platea dictumst. Morbi vestibulum, velit id pretium iaculis, diam erat fermentum justo, nec condimentum neque sapien placerat ante. Nulla justo. Aliquam quis turpis eget elit sodales scelerisque.', 59, 18);
insert into historial_busquedas (id, consulta, frecuencia, id_usuario) values (81, 'Integer a nibh. In quis justo. Maecenas rhoncus aliquam lacus. Morbi quis tortor id nulla ultrices aliquet. Maecenas leo odio, condimentum id, luctus nec, molestie sed, justo.', 98, 19);
insert into historial_busquedas (id, consulta, frecuencia, id_usuario) values (82, 'Etiam faucibus cursus urna. Ut tellus. Nulla ut erat id mauris vulputate elementum. Nullam varius. Nulla facilisi. Cras non velit nec nisi vulputate nonummy. Maecenas tincidunt lacus at velit. Vivamus vel nulla eget eros elementum pellentesque. Quisque porta volutpat erat.', 15, 22);
insert into historial_busquedas (id, consulta, frecuencia, id_usuario) values (83, 'Vivamus tortor. Duis mattis egestas metus. Aenean fermentum. Donec ut mauris eget massa tempor convallis. Nulla neque libero, convallis eget, eleifend luctus, ultricies eu, nibh. Quisque id justo sit amet sapien dignissim vestibulum. Vestibulum ante ipsum primis in faucibus orci luctus et ultrices posuere cubilia Curae; Nulla dapibus dolor vel est. Donec odio justo, sollicitudin ut, suscipit a, feugiat et, eros. Vestibulum ac est lacinia nisi venenatis tristique. Fusce congue, diam id ornare imperdiet, sapien urna pretium nisl, ut volutpat sapien arcu sed augue.', 100, 2);
insert into historial_busquedas (id, consulta, frecuencia, id_usuario) values (84, 'Donec posuere metus vitae ipsum. Aliquam non mauris. Morbi non lectus.', 66, 23);
insert into historial_busquedas (id, consulta, frecuencia, id_usuario) values (85, 'Maecenas rhoncus aliquam lacus.', 64, 19);
insert into historial_busquedas (id, consulta, frecuencia, id_usuario) values (86, 'Mauris sit amet eros. Suspendisse accumsan tortor quis turpis. Sed ante. Vivamus tortor. Duis mattis egestas metus. Aenean fermentum.', 2, 9);
insert into historial_busquedas (id, consulta, frecuencia, id_usuario) values (87, 'Sed ante. Vivamus tortor. Duis mattis egestas metus. Aenean fermentum.', 48, 17);
insert into historial_busquedas (id, consulta, frecuencia, id_usuario) values (88, 'Morbi ut odio.', 76, 18);
insert into historial_busquedas (id, consulta, frecuencia, id_usuario) values (89, 'Fusce posuere felis sed lacus. Morbi sem mauris, laoreet ut, rhoncus aliquet, pulvinar sed, nisl. Nunc rhoncus dui vel sem. Sed sagittis. Nam congue, risus semper porta volutpat, quam pede lobortis ligula, sit amet eleifend pede libero quis orci. Nullam molestie nibh in lectus. Pellentesque at nulla.', 55, 29);
insert into historial_busquedas (id, consulta, frecuencia, id_usuario) values (90, 'Nulla justo. Aliquam quis turpis eget elit sodales scelerisque. Mauris sit amet eros.', 77, 15);
insert into historial_busquedas (id, consulta, frecuencia, id_usuario) values (91, 'Donec dapibus. Duis at velit eu est congue elementum.', 23, 27);
insert into historial_busquedas (id, consulta, frecuencia, id_usuario) values (92, 'Proin interdum mauris non ligula pellentesque ultrices. Phasellus id sapien in sapien iaculis congue. Vivamus metus arcu, adipiscing molestie, hendrerit at, vulputate vitae, nisl. Aenean lectus. Pellentesque eget nunc. Donec quis orci eget orci vehicula condimentum. Curabitur in libero ut massa volutpat convallis.', 81, 27);
insert into historial_busquedas (id, consulta, frecuencia, id_usuario) values (93, 'Etiam pretium iaculis justo. In hac habitasse platea dictumst. Etiam faucibus cursus urna.', 45, 28);
insert into historial_busquedas (id, consulta, frecuencia, id_usuario) values (94, 'Lorem ipsum dolor sit amet, consectetuer adipiscing elit. Proin risus. Praesent lectus. Vestibulum quam sapien, varius ut, blandit non, interdum in, ante. Vestibulum ante ipsum primis in faucibus orci luctus et ultrices posuere cubilia Curae; Duis faucibus accumsan odio. Curabitur convallis. Duis consequat dui nec nisi volutpat eleifend.', 69, 22);
insert into historial_busquedas (id, consulta, frecuencia, id_usuario) values (95, 'In est risus, auctor sed, tristique in, tempus sit amet, sem. Fusce consequat. Nulla nisl. Nunc nisl. Duis bibendum, felis sed interdum venenatis, turpis enim blandit mi, in porttitor pede justo eu massa. Donec dapibus. Duis at velit eu est congue elementum. In hac habitasse platea dictumst. Morbi vestibulum, velit id pretium iaculis, diam erat fermentum justo, nec condimentum neque sapien placerat ante. Nulla justo.', 5, 8);
insert into historial_busquedas (id, consulta, frecuencia, id_usuario) values (96, 'Nam nulla. Integer pede justo, lacinia eget, tincidunt eget, tempus vel, pede. Morbi porttitor lorem id ligula. Suspendisse ornare consequat lectus. In est risus, auctor sed, tristique in, tempus sit amet, sem.', 44, 8);
insert into historial_busquedas (id, consulta, frecuencia, id_usuario) values (97, 'Suspendisse potenti. Nullam porttitor lacus at turpis. Donec posuere metus vitae ipsum. Aliquam non mauris. Morbi non lectus. Aliquam sit amet diam in magna bibendum imperdiet. Nullam orci pede, venenatis non, sodales sed, tincidunt eu, felis. Fusce posuere felis sed lacus. Morbi sem mauris, laoreet ut, rhoncus aliquet, pulvinar sed, nisl.', 95, 26);
insert into historial_busquedas (id, consulta, frecuencia, id_usuario) values (98, 'Vivamus vel nulla eget eros elementum pellentesque. Quisque porta volutpat erat.', 7, 16);
insert into historial_busquedas (id, consulta, frecuencia, id_usuario) values (99, 'Sed ante. Vivamus tortor. Duis mattis egestas metus.', 55, 15);
insert into historial_busquedas (id, consulta, frecuencia, id_usuario) values (100, 'Fusce congue, diam id ornare imperdiet, sapien urna pretium nisl, ut volutpat sapien arcu sed augue. Aliquam erat volutpat. In congue. Etiam justo. Etiam pretium iaculis justo. In hac habitasse platea dictumst. Etiam faucibus cursus urna. Ut tellus. Nulla ut erat id mauris vulputate elementum.', 36, 22);

-- Ofertas turísticas

insert into ofertas_turisticas (id, nombre, precio, fecha_inicio, fecha_final, id_proveedor, id_comuna) values (1, 'Utah', 81603, '2020-06-23', '2021-05-08', 1, 10);
insert into ofertas_turisticas (id, nombre, precio, fecha_inicio, fecha_final, id_proveedor, id_comuna) values (2, 'Donald', 17865, '2019-04-26', '2021-01-27', 4, 5);
insert into ofertas_turisticas (id, nombre, precio, fecha_inicio, fecha_final, id_proveedor, id_comuna) values (3, 'Packers', 67991, '2019-05-28', '2021-06-17', 3, 10);
insert into ofertas_turisticas (id, nombre, precio, fecha_inicio, fecha_final, id_proveedor, id_comuna) values (4, 'Meadow Vale', 5789, '2019-04-18', '2021-08-16', 4, 8);
insert into ofertas_turisticas (id, nombre, precio, fecha_inicio, fecha_final, id_proveedor, id_comuna) values (5, 'Lindbergh', 55644, '2021-01-12', '2021-10-09', 2, 8);
insert into ofertas_turisticas (id, nombre, precio, fecha_inicio, fecha_final, id_proveedor, id_comuna) values (6, 'Monterey', 95944, '2020-03-14', '2021-08-07', 1, 6);
insert into ofertas_turisticas (id, nombre, precio, fecha_inicio, fecha_final, id_proveedor, id_comuna) values (7, 'Tony', 67138, '2019-06-28', '2021-04-25', 2, 6);
insert into ofertas_turisticas (id, nombre, precio, fecha_inicio, fecha_final, id_proveedor, id_comuna) values (8, 'Forest Dale', 79426, '2019-09-15', '2021-06-11', 1, 3);
insert into ofertas_turisticas (id, nombre, precio, fecha_inicio, fecha_final, id_proveedor, id_comuna) values (9, 'Oriole', 8904, '2019-02-13', '2021-04-25', 4, 1);
insert into ofertas_turisticas (id, nombre, precio, fecha_inicio, fecha_final, id_proveedor, id_comuna) values (10, 'Arizona', 28384, '2019-08-26', '2020-10-27', 1, 9);
insert into ofertas_turisticas (id, nombre, precio, fecha_inicio, fecha_final, id_proveedor, id_comuna) values (11, 'Evergreen', 82919, '2019-11-19', '2021-05-29', 2, 1);
insert into ofertas_turisticas (id, nombre, precio, fecha_inicio, fecha_final, id_proveedor, id_comuna) values (12, 'Warbler', 22965, '2020-06-15', '2020-10-29', 2, 9);
insert into ofertas_turisticas (id, nombre, precio, fecha_inicio, fecha_final, id_proveedor, id_comuna) values (13, 'Clove', 59926, '2020-12-17', '2021-04-28', 4, 3);
insert into ofertas_turisticas (id, nombre, precio, fecha_inicio, fecha_final, id_proveedor, id_comuna) values (14, 'Dryden', 65888, '2020-12-07', '2021-03-13', 1, 4);
insert into ofertas_turisticas (id, nombre, precio, fecha_inicio, fecha_final, id_proveedor, id_comuna) values (15, 'Sundown', 65560, '2019-02-13', '2020-12-15', 1, 7);
insert into ofertas_turisticas (id, nombre, precio, fecha_inicio, fecha_final, id_proveedor, id_comuna) values (16, 'Nancy', 85047, '2020-12-21', '2021-01-18', 3, 10);
insert into ofertas_turisticas (id, nombre, precio, fecha_inicio, fecha_final, id_proveedor, id_comuna) values (17, 'Ridge Oak', 66201, '2020-12-05', '2021-09-20', 4, 3);
insert into ofertas_turisticas (id, nombre, precio, fecha_inicio, fecha_final, id_proveedor, id_comuna) values (18, 'Hovde', 38419, '2020-04-04', '2021-02-10', 2, 4);
insert into ofertas_turisticas (id, nombre, precio, fecha_inicio, fecha_final, id_proveedor, id_comuna) values (19, 'Havey', 93150, '2020-03-05', '2021-09-15', 2, 3);
insert into ofertas_turisticas (id, nombre, precio, fecha_inicio, fecha_final, id_proveedor, id_comuna) values (20, 'Bellgrove', 37357, '2019-05-22', '2021-07-24', 3, 4);
insert into ofertas_turisticas (id, nombre, precio, fecha_inicio, fecha_final, id_proveedor, id_comuna) values (21, 'Kropf', 10245, '2020-05-07', '2021-01-28', 3, 1);
insert into ofertas_turisticas (id, nombre, precio, fecha_inicio, fecha_final, id_proveedor, id_comuna) values (22, 'Acker', 32937, '2019-09-23', '2021-04-06', 4, 3);
insert into ofertas_turisticas (id, nombre, precio, fecha_inicio, fecha_final, id_proveedor, id_comuna) values (23, 'Grayhawk', 9408, '2020-11-11', '2020-12-30', 3, 2);
insert into ofertas_turisticas (id, nombre, precio, fecha_inicio, fecha_final, id_proveedor, id_comuna) values (24, 'Bay', 25542, '2019-12-05', '2020-11-29', 4, 6);
insert into ofertas_turisticas (id, nombre, precio, fecha_inicio, fecha_final, id_proveedor, id_comuna) values (25, 'Marquette', 7983, '2020-06-03', '2021-06-23', 2, 7);
insert into ofertas_turisticas (id, nombre, precio, fecha_inicio, fecha_final, id_proveedor, id_comuna) values (26, 'Pennsylvania', 11770, '2019-05-08', '2021-10-06', 2, 10);
insert into ofertas_turisticas (id, nombre, precio, fecha_inicio, fecha_final, id_proveedor, id_comuna) values (27, 'Jenifer', 97398, '2019-04-18', '2021-08-31', 3, 9);
insert into ofertas_turisticas (id, nombre, precio, fecha_inicio, fecha_final, id_proveedor, id_comuna) values (28, 'Carey', 13436, '2019-04-27', '2021-05-26', 4, 3);
insert into ofertas_turisticas (id, nombre, precio, fecha_inicio, fecha_final, id_proveedor, id_comuna) values (29, 'Schlimgen', 35435, '2020-08-05', '2021-02-27', 3, 7);
insert into ofertas_turisticas (id, nombre, precio, fecha_inicio, fecha_final, id_proveedor, id_comuna) values (30, 'Ohio', 53685, '2019-10-08', '2021-07-02', 2, 6);

--Historial regiones
insert into historial_regiones (id, frecuencia, id_usuario, id_region) values (1, 99, 9, 6);
insert into historial_regiones (id, frecuencia, id_usuario, id_region) values (2, 9, 8, 8);
insert into historial_regiones (id, frecuencia, id_usuario, id_region) values (3, 34, 4, 6);
insert into historial_regiones (id, frecuencia, id_usuario, id_region) values (4, 2, 23, 10);
insert into historial_regiones (id, frecuencia, id_usuario, id_region) values (5, 37, 17, 5);
insert into historial_regiones (id, frecuencia, id_usuario, id_region) values (6, 63, 11, 3);
insert into historial_regiones (id, frecuencia, id_usuario, id_region) values (7, 46, 16, 6);
insert into historial_regiones (id, frecuencia, id_usuario, id_region) values (8, 92, 25, 10);
insert into historial_regiones (id, frecuencia, id_usuario, id_region) values (9, 84, 24, 10);
insert into historial_regiones (id, frecuencia, id_usuario, id_region) values (10, 85, 9, 3);
insert into historial_regiones (id, frecuencia, id_usuario, id_region) values (11, 22, 28, 8);
insert into historial_regiones (id, frecuencia, id_usuario, id_region) values (12, 69, 5, 7);
insert into historial_regiones (id, frecuencia, id_usuario, id_region) values (13, 5, 14, 7);
insert into historial_regiones (id, frecuencia, id_usuario, id_region) values (14, 70, 1, 2);
insert into historial_regiones (id, frecuencia, id_usuario, id_region) values (15, 9, 11, 3);
insert into historial_regiones (id, frecuencia, id_usuario, id_region) values (16, 56, 25, 9);
insert into historial_regiones (id, frecuencia, id_usuario, id_region) values (17, 8, 10, 5);
insert into historial_regiones (id, frecuencia, id_usuario, id_region) values (18, 21, 30, 9);
insert into historial_regiones (id, frecuencia, id_usuario, id_region) values (19, 56, 19, 4);
insert into historial_regiones (id, frecuencia, id_usuario, id_region) values (20, 37, 17, 4);
insert into historial_regiones (id, frecuencia, id_usuario, id_region) values (21, 78, 5, 10);
insert into historial_regiones (id, frecuencia, id_usuario, id_region) values (22, 44, 27, 5);
insert into historial_regiones (id, frecuencia, id_usuario, id_region) values (23, 5, 19, 9);
insert into historial_regiones (id, frecuencia, id_usuario, id_region) values (24, 77, 8, 10);
insert into historial_regiones (id, frecuencia, id_usuario, id_region) values (25, 74, 26, 4);
insert into historial_regiones (id, frecuencia, id_usuario, id_region) values (26, 73, 20, 2);
insert into historial_regiones (id, frecuencia, id_usuario, id_region) values (27, 30, 23, 10);
insert into historial_regiones (id, frecuencia, id_usuario, id_region) values (28, 13, 17, 8);
insert into historial_regiones (id, frecuencia, id_usuario, id_region) values (29, 20, 23, 8);
insert into historial_regiones (id, frecuencia, id_usuario, id_region) values (30, 72, 15, 6);
insert into historial_regiones (id, frecuencia, id_usuario, id_region) values (31, 14, 26, 3);
insert into historial_regiones (id, frecuencia, id_usuario, id_region) values (32, 8, 2, 8);
insert into historial_regiones (id, frecuencia, id_usuario, id_region) values (33, 62, 30, 1);
insert into historial_regiones (id, frecuencia, id_usuario, id_region) values (34, 64, 3, 1);
insert into historial_regiones (id, frecuencia, id_usuario, id_region) values (35, 100, 3, 2);
insert into historial_regiones (id, frecuencia, id_usuario, id_region) values (36, 84, 6, 8);
insert into historial_regiones (id, frecuencia, id_usuario, id_region) values (37, 77, 6, 6);
insert into historial_regiones (id, frecuencia, id_usuario, id_region) values (38, 80, 13, 2);
insert into historial_regiones (id, frecuencia, id_usuario, id_region) values (39, 36, 12, 3);
insert into historial_regiones (id, frecuencia, id_usuario, id_region) values (40, 86, 29, 2);
insert into historial_regiones (id, frecuencia, id_usuario, id_region) values (41, 57, 7, 4);
insert into historial_regiones (id, frecuencia, id_usuario, id_region) values (42, 52, 22, 4);
insert into historial_regiones (id, frecuencia, id_usuario, id_region) values (43, 42, 2, 5);
insert into historial_regiones (id, frecuencia, id_usuario, id_region) values (44, 2, 2, 5);
insert into historial_regiones (id, frecuencia, id_usuario, id_region) values (45, 48, 27, 5);
insert into historial_regiones (id, frecuencia, id_usuario, id_region) values (46, 63, 24, 9);
insert into historial_regiones (id, frecuencia, id_usuario, id_region) values (47, 91, 30, 3);
insert into historial_regiones (id, frecuencia, id_usuario, id_region) values (48, 67, 16, 7);
insert into historial_regiones (id, frecuencia, id_usuario, id_region) values (49, 18, 12, 9);
insert into historial_regiones (id, frecuencia, id_usuario, id_region) values (50, 59, 9, 6);
insert into historial_regiones (id, frecuencia, id_usuario, id_region) values (51, 15, 25, 3);
insert into historial_regiones (id, frecuencia, id_usuario, id_region) values (52, 100, 6, 3);
insert into historial_regiones (id, frecuencia, id_usuario, id_region) values (53, 52, 2, 3);
insert into historial_regiones (id, frecuencia, id_usuario, id_region) values (54, 73, 26, 5);
insert into historial_regiones (id, frecuencia, id_usuario, id_region) values (55, 57, 6, 4);
insert into historial_regiones (id, frecuencia, id_usuario, id_region) values (56, 39, 6, 9);
insert into historial_regiones (id, frecuencia, id_usuario, id_region) values (57, 78, 19, 3);
insert into historial_regiones (id, frecuencia, id_usuario, id_region) values (58, 67, 12, 6);
insert into historial_regiones (id, frecuencia, id_usuario, id_region) values (59, 76, 6, 3);
insert into historial_regiones (id, frecuencia, id_usuario, id_region) values (60, 88, 22, 4);
insert into historial_regiones (id, frecuencia, id_usuario, id_region) values (61, 27, 18, 9);
insert into historial_regiones (id, frecuencia, id_usuario, id_region) values (62, 56, 2, 4);
insert into historial_regiones (id, frecuencia, id_usuario, id_region) values (63, 58, 6, 5);
insert into historial_regiones (id, frecuencia, id_usuario, id_region) values (64, 47, 15, 10);
insert into historial_regiones (id, frecuencia, id_usuario, id_region) values (65, 13, 9, 10);
insert into historial_regiones (id, frecuencia, id_usuario, id_region) values (66, 11, 7, 2);
insert into historial_regiones (id, frecuencia, id_usuario, id_region) values (67, 26, 17, 2);
insert into historial_regiones (id, frecuencia, id_usuario, id_region) values (68, 21, 17, 10);
insert into historial_regiones (id, frecuencia, id_usuario, id_region) values (69, 1, 26, 8);
insert into historial_regiones (id, frecuencia, id_usuario, id_region) values (70, 53, 27, 9);
insert into historial_regiones (id, frecuencia, id_usuario, id_region) values (71, 59, 27, 4);
insert into historial_regiones (id, frecuencia, id_usuario, id_region) values (72, 65, 9, 10);
insert into historial_regiones (id, frecuencia, id_usuario, id_region) values (73, 61, 14, 7);
insert into historial_regiones (id, frecuencia, id_usuario, id_region) values (74, 16, 5, 1);
insert into historial_regiones (id, frecuencia, id_usuario, id_region) values (75, 51, 1, 3);
insert into historial_regiones (id, frecuencia, id_usuario, id_region) values (76, 17, 7, 6);
insert into historial_regiones (id, frecuencia, id_usuario, id_region) values (77, 29, 19, 3);
insert into historial_regiones (id, frecuencia, id_usuario, id_region) values (78, 48, 4, 10);
insert into historial_regiones (id, frecuencia, id_usuario, id_region) values (79, 97, 24, 5);
insert into historial_regiones (id, frecuencia, id_usuario, id_region) values (80, 29, 9, 6);
insert into historial_regiones (id, frecuencia, id_usuario, id_region) values (81, 62, 13, 9);
insert into historial_regiones (id, frecuencia, id_usuario, id_region) values (82, 43, 10, 6);
insert into historial_regiones (id, frecuencia, id_usuario, id_region) values (83, 36, 11, 7);
insert into historial_regiones (id, frecuencia, id_usuario, id_region) values (84, 74, 29, 6);
insert into historial_regiones (id, frecuencia, id_usuario, id_region) values (85, 14, 12, 8);
insert into historial_regiones (id, frecuencia, id_usuario, id_region) values (86, 98, 18, 3);
insert into historial_regiones (id, frecuencia, id_usuario, id_region) values (87, 42, 11, 7);
insert into historial_regiones (id, frecuencia, id_usuario, id_region) values (88, 69, 20, 8);
insert into historial_regiones (id, frecuencia, id_usuario, id_region) values (89, 57, 23, 5);
insert into historial_regiones (id, frecuencia, id_usuario, id_region) values (90, 48, 2, 10);
insert into historial_regiones (id, frecuencia, id_usuario, id_region) values (91, 94, 15, 10);
insert into historial_regiones (id, frecuencia, id_usuario, id_region) values (92, 8, 21, 6);
insert into historial_regiones (id, frecuencia, id_usuario, id_region) values (93, 6, 5, 2);
insert into historial_regiones (id, frecuencia, id_usuario, id_region) values (94, 71, 22, 5);
insert into historial_regiones (id, frecuencia, id_usuario, id_region) values (95, 26, 19, 8);
insert into historial_regiones (id, frecuencia, id_usuario, id_region) values (96, 20, 26, 7);
insert into historial_regiones (id, frecuencia, id_usuario, id_region) values (97, 56, 7, 4);
insert into historial_regiones (id, frecuencia, id_usuario, id_region) values (98, 70, 28, 9);
insert into historial_regiones (id, frecuencia, id_usuario, id_region) values (99, 52, 17, 9);
insert into historial_regiones (id, frecuencia, id_usuario, id_region) values (100, 85, 28, 5);



--Historial comunas
insert into historial_comunas (id, frecuencia, id_usuario, id_comuna) values (1, 12, 18, 8);
insert into historial_comunas (id, frecuencia, id_usuario, id_comuna) values (2, 34, 5, 8);
insert into historial_comunas (id, frecuencia, id_usuario, id_comuna) values (3, 62, 25, 7);
insert into historial_comunas (id, frecuencia, id_usuario, id_comuna) values (4, 41, 10, 3);
insert into historial_comunas (id, frecuencia, id_usuario, id_comuna) values (5, 69, 5, 6);
insert into historial_comunas (id, frecuencia, id_usuario, id_comuna) values (6, 93, 29, 1);
insert into historial_comunas (id, frecuencia, id_usuario, id_comuna) values (7, 78, 2, 1);
insert into historial_comunas (id, frecuencia, id_usuario, id_comuna) values (8, 91, 16, 5);
insert into historial_comunas (id, frecuencia, id_usuario, id_comuna) values (9, 15, 28, 6);
insert into historial_comunas (id, frecuencia, id_usuario, id_comuna) values (10, 1, 24, 6);
insert into historial_comunas (id, frecuencia, id_usuario, id_comuna) values (11, 56, 28, 5);
insert into historial_comunas (id, frecuencia, id_usuario, id_comuna) values (12, 65, 21, 9);
insert into historial_comunas (id, frecuencia, id_usuario, id_comuna) values (13, 7, 24, 8);
insert into historial_comunas (id, frecuencia, id_usuario, id_comuna) values (14, 87, 5, 4);
insert into historial_comunas (id, frecuencia, id_usuario, id_comuna) values (15, 22, 21, 7);
insert into historial_comunas (id, frecuencia, id_usuario, id_comuna) values (16, 94, 30, 10);
insert into historial_comunas (id, frecuencia, id_usuario, id_comuna) values (17, 30, 13, 10);
insert into historial_comunas (id, frecuencia, id_usuario, id_comuna) values (18, 71, 28, 8);
insert into historial_comunas (id, frecuencia, id_usuario, id_comuna) values (19, 72, 27, 3);
insert into historial_comunas (id, frecuencia, id_usuario, id_comuna) values (20, 5, 23, 7);
insert into historial_comunas (id, frecuencia, id_usuario, id_comuna) values (21, 75, 28, 10);
insert into historial_comunas (id, frecuencia, id_usuario, id_comuna) values (22, 89, 18, 7);
insert into historial_comunas (id, frecuencia, id_usuario, id_comuna) values (23, 13, 6, 4);
insert into historial_comunas (id, frecuencia, id_usuario, id_comuna) values (24, 32, 12, 9);
insert into historial_comunas (id, frecuencia, id_usuario, id_comuna) values (25, 54, 30, 10);
insert into historial_comunas (id, frecuencia, id_usuario, id_comuna) values (26, 54, 6, 10);
insert into historial_comunas (id, frecuencia, id_usuario, id_comuna) values (27, 65, 12, 1);
insert into historial_comunas (id, frecuencia, id_usuario, id_comuna) values (28, 79, 16, 6);
insert into historial_comunas (id, frecuencia, id_usuario, id_comuna) values (29, 47, 8, 4);
insert into historial_comunas (id, frecuencia, id_usuario, id_comuna) values (30, 59, 6, 3);
insert into historial_comunas (id, frecuencia, id_usuario, id_comuna) values (31, 23, 5, 5);
insert into historial_comunas (id, frecuencia, id_usuario, id_comuna) values (32, 17, 3, 8);
insert into historial_comunas (id, frecuencia, id_usuario, id_comuna) values (33, 54, 20, 9);
insert into historial_comunas (id, frecuencia, id_usuario, id_comuna) values (34, 39, 19, 2);
insert into historial_comunas (id, frecuencia, id_usuario, id_comuna) values (35, 100, 24, 3);
insert into historial_comunas (id, frecuencia, id_usuario, id_comuna) values (36, 4, 19, 6);
insert into historial_comunas (id, frecuencia, id_usuario, id_comuna) values (37, 72, 23, 8);
insert into historial_comunas (id, frecuencia, id_usuario, id_comuna) values (38, 29, 10, 7);
insert into historial_comunas (id, frecuencia, id_usuario, id_comuna) values (39, 93, 15, 2);
insert into historial_comunas (id, frecuencia, id_usuario, id_comuna) values (40, 3, 22, 2);
insert into historial_comunas (id, frecuencia, id_usuario, id_comuna) values (41, 36, 19, 5);
insert into historial_comunas (id, frecuencia, id_usuario, id_comuna) values (42, 58, 7, 5);
insert into historial_comunas (id, frecuencia, id_usuario, id_comuna) values (43, 81, 15, 3);
insert into historial_comunas (id, frecuencia, id_usuario, id_comuna) values (44, 1, 29, 2);
insert into historial_comunas (id, frecuencia, id_usuario, id_comuna) values (45, 23, 20, 5);
insert into historial_comunas (id, frecuencia, id_usuario, id_comuna) values (46, 58, 7, 5);
insert into historial_comunas (id, frecuencia, id_usuario, id_comuna) values (47, 93, 21, 8);
insert into historial_comunas (id, frecuencia, id_usuario, id_comuna) values (48, 14, 5, 9);
insert into historial_comunas (id, frecuencia, id_usuario, id_comuna) values (49, 44, 14, 10);
insert into historial_comunas (id, frecuencia, id_usuario, id_comuna) values (50, 70, 22, 3);
insert into historial_comunas (id, frecuencia, id_usuario, id_comuna) values (51, 42, 10, 3);
insert into historial_comunas (id, frecuencia, id_usuario, id_comuna) values (52, 62, 16, 8);
insert into historial_comunas (id, frecuencia, id_usuario, id_comuna) values (53, 90, 10, 7);
insert into historial_comunas (id, frecuencia, id_usuario, id_comuna) values (54, 23, 23, 4);
insert into historial_comunas (id, frecuencia, id_usuario, id_comuna) values (55, 80, 1, 6);
insert into historial_comunas (id, frecuencia, id_usuario, id_comuna) values (56, 7, 27, 5);
insert into historial_comunas (id, frecuencia, id_usuario, id_comuna) values (57, 34, 5, 9);
insert into historial_comunas (id, frecuencia, id_usuario, id_comuna) values (58, 41, 16, 4);
insert into historial_comunas (id, frecuencia, id_usuario, id_comuna) values (59, 2, 4, 5);
insert into historial_comunas (id, frecuencia, id_usuario, id_comuna) values (60, 89, 26, 2);
insert into historial_comunas (id, frecuencia, id_usuario, id_comuna) values (61, 22, 30, 9);
insert into historial_comunas (id, frecuencia, id_usuario, id_comuna) values (62, 24, 18, 10);
insert into historial_comunas (id, frecuencia, id_usuario, id_comuna) values (63, 93, 8, 6);
insert into historial_comunas (id, frecuencia, id_usuario, id_comuna) values (64, 40, 9, 8);
insert into historial_comunas (id, frecuencia, id_usuario, id_comuna) values (65, 76, 13, 10);
insert into historial_comunas (id, frecuencia, id_usuario, id_comuna) values (66, 96, 30, 2);
insert into historial_comunas (id, frecuencia, id_usuario, id_comuna) values (67, 60, 9, 10);
insert into historial_comunas (id, frecuencia, id_usuario, id_comuna) values (68, 20, 17, 7);
insert into historial_comunas (id, frecuencia, id_usuario, id_comuna) values (69, 100, 9, 5);
insert into historial_comunas (id, frecuencia, id_usuario, id_comuna) values (70, 5, 5, 4);
insert into historial_comunas (id, frecuencia, id_usuario, id_comuna) values (71, 2, 23, 6);
insert into historial_comunas (id, frecuencia, id_usuario, id_comuna) values (72, 34, 10, 8);
insert into historial_comunas (id, frecuencia, id_usuario, id_comuna) values (73, 19, 29, 5);
insert into historial_comunas (id, frecuencia, id_usuario, id_comuna) values (74, 94, 4, 9);
insert into historial_comunas (id, frecuencia, id_usuario, id_comuna) values (75, 44, 11, 3);
insert into historial_comunas (id, frecuencia, id_usuario, id_comuna) values (76, 48, 30, 9);
insert into historial_comunas (id, frecuencia, id_usuario, id_comuna) values (77, 40, 6, 1);
insert into historial_comunas (id, frecuencia, id_usuario, id_comuna) values (78, 10, 29, 6);
insert into historial_comunas (id, frecuencia, id_usuario, id_comuna) values (79, 96, 25, 9);
insert into historial_comunas (id, frecuencia, id_usuario, id_comuna) values (80, 1, 14, 9);
insert into historial_comunas (id, frecuencia, id_usuario, id_comuna) values (81, 18, 28, 10);
insert into historial_comunas (id, frecuencia, id_usuario, id_comuna) values (82, 71, 21, 1);
insert into historial_comunas (id, frecuencia, id_usuario, id_comuna) values (83, 27, 13, 1);
insert into historial_comunas (id, frecuencia, id_usuario, id_comuna) values (84, 96, 4, 1);
insert into historial_comunas (id, frecuencia, id_usuario, id_comuna) values (85, 83, 29, 10);
insert into historial_comunas (id, frecuencia, id_usuario, id_comuna) values (86, 88, 2, 2);
insert into historial_comunas (id, frecuencia, id_usuario, id_comuna) values (87, 27, 4, 5);
insert into historial_comunas (id, frecuencia, id_usuario, id_comuna) values (88, 45, 4, 9);
insert into historial_comunas (id, frecuencia, id_usuario, id_comuna) values (89, 67, 22, 6);
insert into historial_comunas (id, frecuencia, id_usuario, id_comuna) values (90, 54, 5, 8);
insert into historial_comunas (id, frecuencia, id_usuario, id_comuna) values (91, 98, 7, 7);
insert into historial_comunas (id, frecuencia, id_usuario, id_comuna) values (92, 64, 18, 7);
insert into historial_comunas (id, frecuencia, id_usuario, id_comuna) values (93, 35, 19, 1);
insert into historial_comunas (id, frecuencia, id_usuario, id_comuna) values (94, 73, 21, 2);
insert into historial_comunas (id, frecuencia, id_usuario, id_comuna) values (95, 43, 2, 8);
insert into historial_comunas (id, frecuencia, id_usuario, id_comuna) values (96, 5, 7, 4);
insert into historial_comunas (id, frecuencia, id_usuario, id_comuna) values (97, 37, 29, 5);
insert into historial_comunas (id, frecuencia, id_usuario, id_comuna) values (98, 38, 10, 8);
insert into historial_comunas (id, frecuencia, id_usuario, id_comuna) values (99, 38, 22, 3);
insert into historial_comunas (id, frecuencia, id_usuario, id_comuna) values (100, 74, 23, 1);

--Usuario consideración
insert into usuario_consideraciones (id, id_usuario, id_consideracion) values (1, 1, 2);
insert into usuario_consideraciones (id, id_usuario, id_consideracion) values (2, 29, 4);
insert into usuario_consideraciones (id, id_usuario, id_consideracion) values (3, 18, 2);
insert into usuario_consideraciones (id, id_usuario, id_consideracion) values (4, 27, 5);
insert into usuario_consideraciones (id, id_usuario, id_consideracion) values (5, 20, 5);
insert into usuario_consideraciones (id, id_usuario, id_consideracion) values (6, 19, 1);
insert into usuario_consideraciones (id, id_usuario, id_consideracion) values (7, 18, 6);
insert into usuario_consideraciones (id, id_usuario, id_consideracion) values (8, 23, 5);
insert into usuario_consideraciones (id, id_usuario, id_consideracion) values (9, 27, 2);
insert into usuario_consideraciones (id, id_usuario, id_consideracion) values (10, 15, 4);
insert into usuario_consideraciones (id, id_usuario, id_consideracion) values (11, 30, 9);
insert into usuario_consideraciones (id, id_usuario, id_consideracion) values (12, 18, 4);
insert into usuario_consideraciones (id, id_usuario, id_consideracion) values (13, 13, 5);
insert into usuario_consideraciones (id, id_usuario, id_consideracion) values (14, 26, 7);
insert into usuario_consideraciones (id, id_usuario, id_consideracion) values (15, 8, 4);
insert into usuario_consideraciones (id, id_usuario, id_consideracion) values (16, 6, 5);
insert into usuario_consideraciones (id, id_usuario, id_consideracion) values (17, 22, 3);
insert into usuario_consideraciones (id, id_usuario, id_consideracion) values (18, 27, 1);
insert into usuario_consideraciones (id, id_usuario, id_consideracion) values (19, 27, 10);
insert into usuario_consideraciones (id, id_usuario, id_consideracion) values (20, 11, 8);
insert into usuario_consideraciones (id, id_usuario, id_consideracion) values (21, 8, 3);
insert into usuario_consideraciones (id, id_usuario, id_consideracion) values (22, 29, 1);
insert into usuario_consideraciones (id, id_usuario, id_consideracion) values (23, 19, 3);
insert into usuario_consideraciones (id, id_usuario, id_consideracion) values (24, 26, 8);
insert into usuario_consideraciones (id, id_usuario, id_consideracion) values (25, 4, 6);
insert into usuario_consideraciones (id, id_usuario, id_consideracion) values (26, 27, 4);
insert into usuario_consideraciones (id, id_usuario, id_consideracion) values (27, 11, 5);
insert into usuario_consideraciones (id, id_usuario, id_consideracion) values (28, 28, 9);
insert into usuario_consideraciones (id, id_usuario, id_consideracion) values (29, 23, 8);
insert into usuario_consideraciones (id, id_usuario, id_consideracion) values (30, 13, 9);

--Historial oferta
insert into historial_ofertas (id, frecuencia, id_usuario, id_oferta) values (1, 83, 2, 9);
insert into historial_ofertas (id, frecuencia, id_usuario, id_oferta) values (2, 392, 6, 1);
insert into historial_ofertas (id, frecuencia, id_usuario, id_oferta) values (3, 781, 8, 20);
insert into historial_ofertas (id, frecuencia, id_usuario, id_oferta) values (4, 172, 8, 4);
insert into historial_ofertas (id, frecuencia, id_usuario, id_oferta) values (5, 32, 10, 1);
insert into historial_ofertas (id, frecuencia, id_usuario, id_oferta) values (6, 319, 8, 25);
insert into historial_ofertas (id, frecuencia, id_usuario, id_oferta) values (7, 586, 30, 17);
insert into historial_ofertas (id, frecuencia, id_usuario, id_oferta) values (8, 955, 19, 26);
insert into historial_ofertas (id, frecuencia, id_usuario, id_oferta) values (9, 549, 29, 8);
insert into historial_ofertas (id, frecuencia, id_usuario, id_oferta) values (10, 269, 23, 25);
insert into historial_ofertas (id, frecuencia, id_usuario, id_oferta) values (11, 608, 17, 20);
insert into historial_ofertas (id, frecuencia, id_usuario, id_oferta) values (12, 321, 28, 25);
insert into historial_ofertas (id, frecuencia, id_usuario, id_oferta) values (13, 603, 30, 25);
insert into historial_ofertas (id, frecuencia, id_usuario, id_oferta) values (14, 386, 8, 24);
insert into historial_ofertas (id, frecuencia, id_usuario, id_oferta) values (15, 856, 27, 19);
insert into historial_ofertas (id, frecuencia, id_usuario, id_oferta) values (16, 977, 22, 21);
insert into historial_ofertas (id, frecuencia, id_usuario, id_oferta) values (17, 329, 17, 8);
insert into historial_ofertas (id, frecuencia, id_usuario, id_oferta) values (18, 957, 26, 18);
insert into historial_ofertas (id, frecuencia, id_usuario, id_oferta) values (19, 643, 26, 23);
insert into historial_ofertas (id, frecuencia, id_usuario, id_oferta) values (20, 405, 24, 29);
insert into historial_ofertas (id, frecuencia, id_usuario, id_oferta) values (21, 219, 7, 23);
insert into historial_ofertas (id, frecuencia, id_usuario, id_oferta) values (22, 975, 13, 22);
insert into historial_ofertas (id, frecuencia, id_usuario, id_oferta) values (23, 124, 17, 28);
insert into historial_ofertas (id, frecuencia, id_usuario, id_oferta) values (24, 767, 14, 28);
insert into historial_ofertas (id, frecuencia, id_usuario, id_oferta) values (25, 380, 30, 23);
insert into historial_ofertas (id, frecuencia, id_usuario, id_oferta) values (26, 39, 14, 30);
insert into historial_ofertas (id, frecuencia, id_usuario, id_oferta) values (27, 777, 15, 15);
insert into historial_ofertas (id, frecuencia, id_usuario, id_oferta) values (28, 524, 29, 5);
insert into historial_ofertas (id, frecuencia, id_usuario, id_oferta) values (29, 528, 23, 26);
insert into historial_ofertas (id, frecuencia, id_usuario, id_oferta) values (30, 803, 6, 27);
insert into historial_ofertas (id, frecuencia, id_usuario, id_oferta) values (31, 178, 22, 26);
insert into historial_ofertas (id, frecuencia, id_usuario, id_oferta) values (32, 295, 27, 3);
insert into historial_ofertas (id, frecuencia, id_usuario, id_oferta) values (33, 63, 11, 22);
insert into historial_ofertas (id, frecuencia, id_usuario, id_oferta) values (34, 312, 29, 19);
insert into historial_ofertas (id, frecuencia, id_usuario, id_oferta) values (35, 430, 12, 19);
insert into historial_ofertas (id, frecuencia, id_usuario, id_oferta) values (36, 716, 25, 2);
insert into historial_ofertas (id, frecuencia, id_usuario, id_oferta) values (37, 418, 12, 14);
insert into historial_ofertas (id, frecuencia, id_usuario, id_oferta) values (38, 785, 30, 20);
insert into historial_ofertas (id, frecuencia, id_usuario, id_oferta) values (39, 661, 27, 26);
insert into historial_ofertas (id, frecuencia, id_usuario, id_oferta) values (40, 338, 15, 1);
insert into historial_ofertas (id, frecuencia, id_usuario, id_oferta) values (41, 216, 22, 5);
insert into historial_ofertas (id, frecuencia, id_usuario, id_oferta) values (42, 385, 24, 13);
insert into historial_ofertas (id, frecuencia, id_usuario, id_oferta) values (43, 552, 19, 7);
insert into historial_ofertas (id, frecuencia, id_usuario, id_oferta) values (44, 944, 4, 6);
insert into historial_ofertas (id, frecuencia, id_usuario, id_oferta) values (45, 56, 18, 15);
insert into historial_ofertas (id, frecuencia, id_usuario, id_oferta) values (46, 684, 21, 24);
insert into historial_ofertas (id, frecuencia, id_usuario, id_oferta) values (47, 946, 29, 5);
insert into historial_ofertas (id, frecuencia, id_usuario, id_oferta) values (48, 849, 25, 23);
insert into historial_ofertas (id, frecuencia, id_usuario, id_oferta) values (49, 751, 9, 9);
insert into historial_ofertas (id, frecuencia, id_usuario, id_oferta) values (50, 360, 23, 14);
insert into historial_ofertas (id, frecuencia, id_usuario, id_oferta) values (51, 577, 8, 24);
insert into historial_ofertas (id, frecuencia, id_usuario, id_oferta) values (52, 645, 28, 21);
insert into historial_ofertas (id, frecuencia, id_usuario, id_oferta) values (53, 465, 29, 23);
insert into historial_ofertas (id, frecuencia, id_usuario, id_oferta) values (54, 924, 14, 2);
insert into historial_ofertas (id, frecuencia, id_usuario, id_oferta) values (55, 614, 20, 29);
insert into historial_ofertas (id, frecuencia, id_usuario, id_oferta) values (56, 904, 27, 30);
insert into historial_ofertas (id, frecuencia, id_usuario, id_oferta) values (57, 30, 24, 8);
insert into historial_ofertas (id, frecuencia, id_usuario, id_oferta) values (58, 643, 25, 14);
insert into historial_ofertas (id, frecuencia, id_usuario, id_oferta) values (59, 603, 6, 21);
insert into historial_ofertas (id, frecuencia, id_usuario, id_oferta) values (60, 154, 4, 26);
insert into historial_ofertas (id, frecuencia, id_usuario, id_oferta) values (61, 145, 18, 10);
insert into historial_ofertas (id, frecuencia, id_usuario, id_oferta) values (62, 251, 18, 28);
insert into historial_ofertas (id, frecuencia, id_usuario, id_oferta) values (63, 900, 6, 8);
insert into historial_ofertas (id, frecuencia, id_usuario, id_oferta) values (64, 429, 21, 10);
insert into historial_ofertas (id, frecuencia, id_usuario, id_oferta) values (65, 667, 27, 11);
insert into historial_ofertas (id, frecuencia, id_usuario, id_oferta) values (66, 525, 11, 24);
insert into historial_ofertas (id, frecuencia, id_usuario, id_oferta) values (67, 216, 26, 26);
insert into historial_ofertas (id, frecuencia, id_usuario, id_oferta) values (68, 201, 7, 10);
insert into historial_ofertas (id, frecuencia, id_usuario, id_oferta) values (69, 257, 23, 15);
insert into historial_ofertas (id, frecuencia, id_usuario, id_oferta) values (70, 228, 16, 20);
insert into historial_ofertas (id, frecuencia, id_usuario, id_oferta) values (71, 501, 17, 19);
insert into historial_ofertas (id, frecuencia, id_usuario, id_oferta) values (72, 955, 13, 1);
insert into historial_ofertas (id, frecuencia, id_usuario, id_oferta) values (73, 598, 23, 21);
insert into historial_ofertas (id, frecuencia, id_usuario, id_oferta) values (74, 246, 25, 11);
insert into historial_ofertas (id, frecuencia, id_usuario, id_oferta) values (75, 325, 9, 16);
insert into historial_ofertas (id, frecuencia, id_usuario, id_oferta) values (76, 509, 1, 25);
insert into historial_ofertas (id, frecuencia, id_usuario, id_oferta) values (77, 297, 11, 9);
insert into historial_ofertas (id, frecuencia, id_usuario, id_oferta) values (78, 357, 28, 3);
insert into historial_ofertas (id, frecuencia, id_usuario, id_oferta) values (79, 356, 14, 10);
insert into historial_ofertas (id, frecuencia, id_usuario, id_oferta) values (80, 976, 18, 17);
insert into historial_ofertas (id, frecuencia, id_usuario, id_oferta) values (81, 727, 7, 7);
insert into historial_ofertas (id, frecuencia, id_usuario, id_oferta) values (82, 215, 21, 14);
insert into historial_ofertas (id, frecuencia, id_usuario, id_oferta) values (83, 49, 24, 25);
insert into historial_ofertas (id, frecuencia, id_usuario, id_oferta) values (84, 171, 21, 9);
insert into historial_ofertas (id, frecuencia, id_usuario, id_oferta) values (85, 886, 26, 17);
insert into historial_ofertas (id, frecuencia, id_usuario, id_oferta) values (86, 123, 3, 9);
insert into historial_ofertas (id, frecuencia, id_usuario, id_oferta) values (87, 934, 14, 20);
insert into historial_ofertas (id, frecuencia, id_usuario, id_oferta) values (88, 798, 5, 26);
insert into historial_ofertas (id, frecuencia, id_usuario, id_oferta) values (89, 537, 5, 7);
insert into historial_ofertas (id, frecuencia, id_usuario, id_oferta) values (90, 887, 5, 30);
insert into historial_ofertas (id, frecuencia, id_usuario, id_oferta) values (91, 954, 4, 4);
insert into historial_ofertas (id, frecuencia, id_usuario, id_oferta) values (92, 265, 26, 29);
insert into historial_ofertas (id, frecuencia, id_usuario, id_oferta) values (93, 556, 2, 24);
insert into historial_ofertas (id, frecuencia, id_usuario, id_oferta) values (94, 571, 9, 16);
insert into historial_ofertas (id, frecuencia, id_usuario, id_oferta) values (95, 552, 21, 14);
insert into historial_ofertas (id, frecuencia, id_usuario, id_oferta) values (96, 602, 5, 6);
insert into historial_ofertas (id, frecuencia, id_usuario, id_oferta) values (97, 41, 16, 2);
insert into historial_ofertas (id, frecuencia, id_usuario, id_oferta) values (98, 982, 2, 26);
insert into historial_ofertas (id, frecuencia, id_usuario, id_oferta) values (99, 770, 1, 7);
insert into historial_ofertas (id, frecuencia, id_usuario, id_oferta) values (100, 234, 14, 10);

--Oferta consideración
insert into oferta_consideraciones (id, id_consideracion, id_oferta) values (1, 15, 3);
insert into oferta_consideraciones (id, id_consideracion, id_oferta) values (2, 2, 3);
insert into oferta_consideraciones (id, id_consideracion, id_oferta) values (3, 8, 12);
insert into oferta_consideraciones (id, id_consideracion, id_oferta) values (4, 12, 17);
insert into oferta_consideraciones (id, id_consideracion, id_oferta) values (5, 9, 15);
insert into oferta_consideraciones (id, id_consideracion, id_oferta) values (6, 2, 26);
insert into oferta_consideraciones (id, id_consideracion, id_oferta) values (7, 1, 11);
insert into oferta_consideraciones (id, id_consideracion, id_oferta) values (8, 1, 27);
insert into oferta_consideraciones (id, id_consideracion, id_oferta) values (9, 10, 25);
insert into oferta_consideraciones (id, id_consideracion, id_oferta) values (10, 9, 8);
insert into oferta_consideraciones (id, id_consideracion, id_oferta) values (11, 14, 24);
insert into oferta_consideraciones (id, id_consideracion, id_oferta) values (12, 7, 16);
insert into oferta_consideraciones (id, id_consideracion, id_oferta) values (13, 4, 7);
insert into oferta_consideraciones (id, id_consideracion, id_oferta) values (14, 7, 30);
insert into oferta_consideraciones (id, id_consideracion, id_oferta) values (15, 2, 14);
insert into oferta_consideraciones (id, id_consideracion, id_oferta) values (16, 15, 7);
insert into oferta_consideraciones (id, id_consideracion, id_oferta) values (17, 12, 26);
insert into oferta_consideraciones (id, id_consideracion, id_oferta) values (18, 2, 18);
insert into oferta_consideraciones (id, id_consideracion, id_oferta) values (19, 3, 8);
insert into oferta_consideraciones (id, id_consideracion, id_oferta) values (20, 11, 30);
insert into oferta_consideraciones (id, id_consideracion, id_oferta) values (21, 4, 19);
insert into oferta_consideraciones (id, id_consideracion, id_oferta) values (22, 8, 13);
insert into oferta_consideraciones (id, id_consideracion, id_oferta) values (23, 11, 13);
insert into oferta_consideraciones (id, id_consideracion, id_oferta) values (24, 10, 1);
insert into oferta_consideraciones (id, id_consideracion, id_oferta) values (25, 1, 16);
insert into oferta_consideraciones (id, id_consideracion, id_oferta) values (26, 13, 23);
insert into oferta_consideraciones (id, id_consideracion, id_oferta) values (27, 13, 26);
insert into oferta_consideraciones (id, id_consideracion, id_oferta) values (28, 2, 11);
insert into oferta_consideraciones (id, id_consideracion, id_oferta) values (29, 14, 18);
insert into oferta_consideraciones (id, id_consideracion, id_oferta) values (30, 8, 24);